,U,delta_0,delta_1
0,0.01,0.0,0.0
1,0.5644444444444445,0.0,0.0
2,1.118888888888889,0.0,0.0
3,1.6733333333333336,0.029066596611432835,0.02908755850320204
4,2.227777777777778,0.16342930673425526,0.1634116234429378
5,2.7822222222222224,0.5353102494922688,0.5353000390459781
6,3.336666666666667,0.9573709015831378,0.9573164501868487
7,3.8911111111111114,1.319495338333414,1.3194560582750403
8,4.445555555555556,1.6566984809076155,1.6566899148583123
9,5.0,1.981857507524924,1.9818974097600064
