,U,delta_0,delta_1,delta_2
0,0.01,0.0002167437942901529,-0.0001155825371190744,-0.0006677618520911643
1,0.43714285714285717,0.006100333218857496,0.06941518755485132,0.13490669297605903
2,0.8642857142857143,-0.02549051097873191,-0.1464321382427498,-0.2878921853843717
3,1.2914285714285716,0.06858151806241565,0.24336252759942284,0.45132421260349365
4,1.7185714285714286,0.13381462369077557,0.337102779761822,0.6327250978384047
5,2.1457142857142855,-0.2435796764581457,-0.4761815817165903,-0.8252362418656716
6,2.572857142857143,0.3909484907014482,0.6482303746726537,1.0275670462265518
7,3.0,0.6279089188541152,0.8777677265944935,1.2414793476798411
