,U,delta_0,delta_1,delta_2
0,0.01,-2.1515115848246952e-08,-7.1015448413539684e-09,-5.1437631980296137e-08
1,0.43714285714285717,-1.5525777419843525e-05,1.1627229605542882e-06,-4.2846903263514016e-05
2,0.8642857142857143,0.006064354832908643,-1.958856623773924e-05,0.006033024599381351
3,1.2914285714285716,0.02253327884895944,0.007766195180201437,0.022543146144447728
4,1.7185714285714286,0.08477793622692323,0.032880284972369236,0.1013409905066398
5,2.1457142857142855,-0.24559571887554235,-0.14953276707004776,-0.318735577122424
6,2.572857142857143,0.4678380396011931,0.39825020566919417,0.6422396274802032
7,3.0,0.6989934355128735,0.7018027123389281,0.9565700162462942
