,U,delta_0,delta_1,delta_2
0,0.01,-5.3395334615395835e-09,-5.0521628749526536e-09,-5.193108618983341e-09
1,0.43714285714285717,-1.0057017737368383e-08,-1.0146002355118665e-08,-1.4584621804340933e-08
2,0.8642857142857143,2.925097596838378e-09,2.3817918735669723e-08,-6.7939952935089264e-09
3,1.2914285714285716,-2.6119722289074795e-06,-2.7547058224259168e-06,2.3582460557300725e-06
4,1.7185714285714286,0.05572608130569926,0.09195464575556159,0.2279333935549417
5,2.1457142857142855,0.2068172446856449,0.29629268979046125,0.6157113667418287
6,2.572857142857143,0.39231480356500814,0.5305193510087403,0.9083635772854981
7,3.0,0.645417726269848,0.8178942269150502,1.1633938281709666
