,U,delta_0,delta_1,delta_2
0,0.01,3.744292547682249e-05,2.763097924072933e-05,1.4721298260401904e-05
1,0.43714285714285717,7.258245827929746e-06,2.02496572969127e-05,2.9927808215884206e-05
2,0.8642857142857143,2.5859565826835504e-05,1.8787198697884682e-05,-3.373107371664717e-05
3,1.2914285714285716,3.424077498391081e-05,-3.368031033153707e-05,2.703756640313044e-05
4,1.7185714285714286,-0.0584398114576614,-0.09385990108168915,-0.24149570387524122
5,2.1457142857142855,-0.20430452678919625,-0.29711462997423976,-0.6113706537773902
6,2.572857142857143,-0.3998653214880914,-0.541356120237201,-0.8971215188061359
7,3.0,0.6385874737451547,0.8110683682147528,1.1583518357957612
