,U,delta_0,delta_1,delta_2
0,0.01,3.742992113034219e-05,-3.553669200171479e-05,3.5743405594054355e-05
1,0.43714285714285717,-0.006111536417710015,-0.07111521129589848,-0.13655183719278657
2,0.8642857142857143,0.026849808208047284,0.14654320180209024,0.2882427476258975
3,1.2914285714285716,-0.06728610411353136,-0.23185634013276768,-0.4541814658137556
4,1.7185714285714286,-0.13524815316508504,-0.33598441064440965,-0.6332977207985446
5,2.1457142857142855,-0.24335805959347417,-0.4724672441453922,-0.8238478134846807
6,2.572857142857143,0.4063768825741164,0.6534955642512501,1.025631282244537
7,3.0,-0.6243388397550964,-0.8750900423996253,-1.2403321823425544
