,U,delta_0,delta_1,delta_2
0,0.01,-4.820756720924674e-09,-5.017987862034752e-09,-4.982988743671747e-09
1,0.43714285714285717,-2.939311675639062e-07,1.1052576229054922e-06,1.6880274856203013e-10
2,0.8642857142857143,0.0305116000423372,0.0021628119702267723,0.028613029436400556
3,1.2914285714285716,0.09064024312281675,0.022421348107251136,0.0887305800697487
4,1.7185714285714286,-0.19721168870642203,-0.04668751384990903,-0.17461413777754384
5,2.1457142857142855,-0.31317921519038056,-0.09856192382759796,-0.2785191499597344
6,2.572857142857143,-0.46993869129306876,-0.19099189847447834,-0.4249330238747072
7,3.0,0.6408225936031208,0.3081954937237427,0.5866636587482045
