,U,delta_0,delta_1,delta_2
0,0.01,4.480706511257345e-06,0.0007755860164821531,0.00021612592963631217
1,0.43714285714285717,0.003069891758507183,0.14627808314438331,0.07012658831853946
2,0.8642857142857143,0.011566309183380103,0.29479720580823304,0.13671101640581218
3,1.2914285714285716,0.037249296326382735,0.4501777449652548,0.2138005728767929
4,1.7185714285714286,0.07218981821507439,0.6142660102534541,0.3002007245265765
5,2.1457142857142855,-0.13704060095181886,-0.7862782374896784,-0.39791072998336174
6,2.572857142857143,-0.21161580867300467,-0.9621785010340389,-0.5040987806435249
7,3.0,-0.31117070017251686,-1.1475101352114832,-0.6518241578019988
