,U,delta_0,delta_1,delta_2
0,0.01,-8.54841734907019e-06,0.0008221850630119429,0.00021738514302814841
1,0.43714285714285717,-0.003903728198871607,-0.1442834625786079,-0.06844089366092432
2,0.8642857142857143,-0.016368253308808124,-0.2940395411896433,-0.14040525298262924
3,1.2914285714285716,0.03954170914458974,0.4510656216632116,0.21683008393983008
4,1.7185714285714286,0.07600531098595556,0.6152655426551294,0.3007114118079741
5,2.1457142857142855,-0.1296757410874827,-0.7862337213293165,-0.396218390765241
6,2.572857142857143,-0.20622055892956348,-0.9635618183780348,-0.509247265090901
7,3.0,-0.31309722395707196,-1.146915269795187,-0.6473917602095567
