,U,delta_0,delta_1,delta_2
0,0.01,-5.158259250250422e-09,-4.855917861935847e-09,-4.922210740532115e-09
1,0.43714285714285717,-1.2475656789781398e-08,-1.8496164686345948e-08,-1.9153431317144516e-08
2,0.8642857142857143,-3.057765845819149e-08,-1.4120149423159927e-08,-1.855726471964501e-08
3,1.2914285714285716,-0.0026176117399805176,-0.0026030934316189328,-0.0039862735459078365
4,1.7185714285714286,3.1104662575367475e-05,-0.004004477155777367,-0.002147684469605818
5,2.1457142857142855,0.09207480694313208,0.5019837036041253,0.2599324205953657
6,2.572857142857143,0.17096156177336397,0.7459255175625623,0.3922857862736384
7,3.0,-0.29003352763866674,-0.9921374200247968,-0.5637699214172787
