,U,delta_0,delta_1,delta_2
0,0.01,1.4721298260401904e-05,3.744292547682249e-05,2.763097924072933e-05
1,0.43714285714285717,-7.363227172521796e-06,-1.1405053432501384e-05,-2.4728155267457248e-05
2,0.8642857142857143,-0.02808103176032135,-0.0032164872864481296,-0.025362953586746572
3,1.2914285714285716,-0.09270003871482012,-0.016595413175621562,-0.08187513620713788
4,1.7185714285714286,-0.1979162917300808,-0.048857816153142886,-0.17310985761259062
5,2.1457142857142855,-0.32856322099328217,-0.10509679509301277,-0.28868195160604826
6,2.572857142857143,-0.4774474239832368,-0.19103795120933717,-0.42523220191330074
7,3.0,-0.6420808884898888,-0.3158280201573088,-0.5837431358948693
