,U,delta_0,delta_1,delta_2
0,0.01,3.744292547682249e-05,1.4721298260401904e-05,2.763097924072933e-05
1,0.43714285714285717,-2.108425884500639e-06,3.574324241652685e-05,3.962964499374273e-05
2,0.8642857142857143,-2.1160139849082493e-06,1.3755300647737942e-05,-1.6925208475170413e-05
3,1.2914285714285716,-1.0374556027385973e-05,2.3021962791076508e-05,2.6427166020029853e-05
4,1.7185714285714286,0.006098288129263366,0.049721720607820236,0.021959182984451604
5,2.1457142857142855,-0.08517215421444824,-0.5008826604833156,-0.24212873817579894
6,2.572857142857143,-0.17127225013797093,-0.7579974498898044,-0.3971538682864069
7,3.0,0.28980957971115706,0.9901569553708278,0.5664244991633391
